feature_order,paper_feature,feature_family,family_label,paper_feature_set,output_level,sentiment_related,notes
1,speech_length_minutes,structure_timing,Timing / participation / dialogue structure,paper_82,summary,False,
2,speech_length_words,structure_timing,Timing / participation / dialogue structure,paper_82,summary,False,
3,words_per_min,structure_timing,Timing / participation / dialogue structure,paper_82,summary,False,
4,syllables_per_min,structure_timing,Timing / participation / dialogue structure,paper_82,summary,False,
5,mean_pre_word_pause,structure_timing,Timing / participation / dialogue structure,paper_82,summary,False,
6,mean_pause_variability,structure_timing,Timing / participation / dialogue structure,paper_82,summary,False,
7,speech_percentage,structure_timing,Timing / participation / dialogue structure,paper_82,summary,False,
8,sentiment_pos,sentiment,Sentiment / VADER distribution,paper_82,summary,True,
9,sentiment_neg,sentiment,Sentiment / VADER distribution,paper_82,summary,True,
10,sentiment_neu,sentiment,Sentiment / VADER distribution,paper_82,summary,True,
11,sentiment_overall,sentiment,Sentiment / VADER distribution,paper_82,summary,True,
12,sentiment_vader_pos,sentiment,Sentiment / VADER distribution,paper_82,summary,True,
13,sentiment_vader_neg,sentiment,Sentiment / VADER distribution,paper_82,summary,True,
14,sentiment_vader_neu,sentiment,Sentiment / VADER distribution,paper_82,summary,True,
15,sentiment_vader_overall,sentiment,Sentiment / VADER distribution,paper_82,summary,True,
16,mattr_5,lexical_style,Lexical style / morphosyntax,paper_82,summary,False,
17,mattr_10,lexical_style,Lexical style / morphosyntax,paper_82,summary,False,
18,mattr_25,lexical_style,Lexical style / morphosyntax,paper_82,summary,False,
19,mattr_50,lexical_style,Lexical style / morphosyntax,paper_82,summary,False,
20,mattr_100,lexical_style,Lexical style / morphosyntax,paper_82,summary,False,
21,first_person_percentage,first_person,First-person style and affect,paper_82,summary,False,
22,prop_verb_past,lexical_style,Lexical style / morphosyntax,paper_82,summary,False,
23,prop_function_words,lexical_style,Lexical style / morphosyntax,paper_82,summary,False,
24,first_person_sentiment_positive,first_person,First-person style and affect,paper_82,summary,True,
25,first_person_sentiment_negative,first_person,First-person style and affect,paper_82,summary,True,
26,first_person_sentiment_overall,first_person,First-person style and affect,paper_82,summary,True,
27,word_repeat_percentage,other,Other,paper_82,summary,False,
28,phrase_repeat_percentage,other,Other,paper_82,summary,False,
29,word_coherence_mean,coherence,Discourse coherence / similarity,paper_82,summary,False,
30,num_turns,structure_timing,Timing / participation / dialogue structure,paper_82,summary,False,
31,num_phrases,structure_timing,Timing / participation / dialogue structure,paper_82,summary,False,
32,num_one_word_phrases,structure_timing,Timing / participation / dialogue structure,paper_82,summary,False,
33,num_one_word_turns,structure_timing,Timing / participation / dialogue structure,paper_82,summary,False,
34,mean_turn_length_minutes,structure_timing,Timing / participation / dialogue structure,paper_82,summary,False,
35,mean_turn_length_words,structure_timing,Timing / participation / dialogue structure,paper_82,summary,False,
36,mean_phrases_per_turn,structure_timing,Timing / participation / dialogue structure,paper_82,summary,False,
37,mean_pre_turn_pause,structure_timing,Timing / participation / dialogue structure,paper_82,summary,False,
38,speaker_percentage,structure_timing,Timing / participation / dialogue structure,paper_82,summary,False,
39,first_order_sentence_tangeniality_mean,coherence,Discourse coherence / similarity,paper_82,summary,False,legacy packaged spelling retained
40,first_order_sentence_tangeniality_var,coherence,Discourse coherence / similarity,paper_82,summary,False,legacy packaged spelling retained
41,second_order_sentence_tangeniality_mean,coherence,Discourse coherence / similarity,paper_82,summary,False,legacy packaged spelling retained
42,second_order_sentence_tangeniality_var,coherence,Discourse coherence / similarity,paper_82,summary,False,legacy packaged spelling retained
43,turn_to_turn_tangeniality_mean,coherence,Discourse coherence / similarity,paper_82,summary,False,legacy packaged spelling retained
44,turn_to_turn_tangeniality_var,coherence,Discourse coherence / similarity,paper_82,summary,False,legacy packaged spelling retained
45,turn_to_turn_tangeniality_slope,coherence,Discourse coherence / similarity,paper_82,summary,False,legacy packaged spelling retained
46,semantic_perplexity_mean,semantic_perplexity,Semantic predictability,paper_82,summary,False,
47,semantic_perplexity_var,semantic_perplexity,Semantic predictability,paper_82,summary,False,
48,num_interrupts,structure_timing,Timing / participation / dialogue structure,paper_82,summary,False,
49,first_person_sentiment_positive_vader,first_person,First-person style and affect,paper_82,summary,True,
50,first_person_sentiment_negative_vader,first_person,First-person style and affect,paper_82,summary,True,
51,first_person_sentiment_overall_vader,first_person,First-person style and affect,paper_82,summary,True,
52,turn_to_previous_speaker_turn_similarity_mean,coherence,Discourse coherence / similarity,paper_82,summary,False,
53,turn_to_previous_speaker_turn_similarity_var,coherence,Discourse coherence / similarity,paper_82,summary,False,
54,turn_to_previous_speaker_turn_similarity_slope,coherence,Discourse coherence / similarity,paper_82,summary,False,
55,vader_hist_bin_01,sentiment,Sentiment / VADER distribution,paper_82,summary,True,
56,vader_hist_bin_02,sentiment,Sentiment / VADER distribution,paper_82,summary,True,
57,vader_hist_bin_03,sentiment,Sentiment / VADER distribution,paper_82,summary,True,
58,vader_hist_bin_04,sentiment,Sentiment / VADER distribution,paper_82,summary,True,
59,vader_hist_bin_05,sentiment,Sentiment / VADER distribution,paper_82,summary,True,
60,vader_hist_bin_06,sentiment,Sentiment / VADER distribution,paper_82,summary,True,
61,vader_hist_bin_07,sentiment,Sentiment / VADER distribution,paper_82,summary,True,
62,vader_hist_bin_08,sentiment,Sentiment / VADER distribution,paper_82,summary,True,
63,vader_hist_bin_09,sentiment,Sentiment / VADER distribution,paper_82,summary,True,
64,vader_hist_bin_10,sentiment,Sentiment / VADER distribution,paper_82,summary,True,
65,vader_hist_bin_11,sentiment,Sentiment / VADER distribution,paper_82,summary,True,
66,vader_hist_bin_12,sentiment,Sentiment / VADER distribution,paper_82,summary,True,
67,vader_hist_bin_13,sentiment,Sentiment / VADER distribution,paper_82,summary,True,
68,vader_hist_bin_14,sentiment,Sentiment / VADER distribution,paper_82,summary,True,
69,vader_hist_bin_15,sentiment,Sentiment / VADER distribution,paper_82,summary,True,
70,vader_hist_bin_16,sentiment,Sentiment / VADER distribution,paper_82,summary,True,
71,vader_hist_bin_17,sentiment,Sentiment / VADER distribution,paper_82,summary,True,
72,vader_hist_bin_18,sentiment,Sentiment / VADER distribution,paper_82,summary,True,
73,vader_hist_bin_19,sentiment,Sentiment / VADER distribution,paper_82,summary,True,
74,vader_hist_bin_20,sentiment,Sentiment / VADER distribution,paper_82,summary,True,
75,vader_hist_bin_21,sentiment,Sentiment / VADER distribution,paper_82,summary,True,
76,vader_hist_bin_22,sentiment,Sentiment / VADER distribution,paper_82,summary,True,
77,vader_hist_bin_23,sentiment,Sentiment / VADER distribution,paper_82,summary,True,
78,vader_hist_entropy,sentiment,Sentiment / VADER distribution,paper_82,summary,True,
79,vader_neg_tail_mass,sentiment,Sentiment / VADER distribution,paper_82,summary,True,
80,vader_pos_tail_mass,sentiment,Sentiment / VADER distribution,paper_82,summary,True,
81,vader_neutral_mass,sentiment,Sentiment / VADER distribution,paper_82,summary,True,
82,participant_utterance_count,structure_timing,Timing / participation / dialogue structure,paper_82,summary,False,
