target,selection_view,family,family_label,model,n_features,feature,signed_coef,abs_coef,coef_rank_abs
Depression,best_en,B0_rho05_vaderfull,B0: rho>0.5 + full VADER hist,logreg_l2_liblinear_C0.02_bal,82,sentiment_overall,-0.2333118250373245,0.2333118250373245,1
Depression,best_en,B0_rho05_vaderfull,B0: rho>0.5 + full VADER hist,logreg_l2_liblinear_C0.02_bal,82,vader_hist_bin_08,0.1019624335052331,0.1019624335052331,2
Depression,best_en,B0_rho05_vaderfull,B0: rho>0.5 + full VADER hist,logreg_l2_liblinear_C0.02_bal,82,vader_hist_bin_13,0.0952512447128409,0.0952512447128409,3
Depression,best_en,B0_rho05_vaderfull,B0: rho>0.5 + full VADER hist,logreg_l2_liblinear_C0.02_bal,82,vader_pos_tail_mass,-0.0887976839804943,0.0887976839804943,4
Depression,best_en,B0_rho05_vaderfull,B0: rho>0.5 + full VADER hist,logreg_l2_liblinear_C0.02_bal,82,vader_hist_bin_10,0.0783773030111976,0.0783773030111976,5
Depression,best_en,B0_rho05_vaderfull,B0: rho>0.5 + full VADER hist,logreg_l2_liblinear_C0.02_bal,82,first_person_sentiment_positive,-0.0760567842501569,0.0760567842501569,6
Depression,best_en,B0_rho05_vaderfull,B0: rho>0.5 + full VADER hist,logreg_l2_liblinear_C0.02_bal,82,first_person_sentiment_negative,0.0755733052892343,0.0755733052892343,7
Depression,best_en,B0_rho05_vaderfull,B0: rho>0.5 + full VADER hist,logreg_l2_liblinear_C0.02_bal,82,sentiment_pos,-0.0737143804212577,0.0737143804212577,8
Depression,best_en,B0_rho05_vaderfull,B0: rho>0.5 + full VADER hist,logreg_l2_liblinear_C0.02_bal,82,vader_hist_bin_20,-0.0719876061326327,0.0719876061326327,9
Depression,best_en,B0_rho05_vaderfull,B0: rho>0.5 + full VADER hist,logreg_l2_liblinear_C0.02_bal,82,first_person_sentiment_overall,-0.0707890015534975,0.0707890015534975,10
Depression,best_en,B0_rho05_vaderfull,B0: rho>0.5 + full VADER hist,logreg_l2_liblinear_C0.02_bal,82,vader_hist_bin_21,-0.0699183515320396,0.0699183515320396,11
Depression,best_en,B0_rho05_vaderfull,B0: rho>0.5 + full VADER hist,logreg_l2_liblinear_C0.02_bal,82,vader_hist_bin_18,-0.0687231130182658,0.0687231130182658,12
Depression,best_en,B0_rho05_vaderfull,B0: rho>0.5 + full VADER hist,logreg_l2_liblinear_C0.02_bal,82,vader_hist_bin_22,-0.068544725658196,0.068544725658196,13
Depression,best_en,B0_rho05_vaderfull,B0: rho>0.5 + full VADER hist,logreg_l2_liblinear_C0.02_bal,82,sentiment_neg,0.066989354737873,0.066989354737873,14
Depression,best_en,B0_rho05_vaderfull,B0: rho>0.5 + full VADER hist,logreg_l2_liblinear_C0.02_bal,82,vader_hist_bin_14,-0.065256291503073,0.065256291503073,15
Depression,best_ua,B0_rho05_vaderfull,B0: rho>0.5 + full VADER hist,logreg_l2_liblinear_C0.02_bal,82,sentiment_overall,-0.2333118250373245,0.2333118250373245,1
Depression,best_ua,B0_rho05_vaderfull,B0: rho>0.5 + full VADER hist,logreg_l2_liblinear_C0.02_bal,82,vader_hist_bin_08,0.1019624335052331,0.1019624335052331,2
Depression,best_ua,B0_rho05_vaderfull,B0: rho>0.5 + full VADER hist,logreg_l2_liblinear_C0.02_bal,82,vader_hist_bin_13,0.0952512447128409,0.0952512447128409,3
Depression,best_ua,B0_rho05_vaderfull,B0: rho>0.5 + full VADER hist,logreg_l2_liblinear_C0.02_bal,82,vader_pos_tail_mass,-0.0887976839804943,0.0887976839804943,4
Depression,best_ua,B0_rho05_vaderfull,B0: rho>0.5 + full VADER hist,logreg_l2_liblinear_C0.02_bal,82,vader_hist_bin_10,0.0783773030111976,0.0783773030111976,5
Depression,best_ua,B0_rho05_vaderfull,B0: rho>0.5 + full VADER hist,logreg_l2_liblinear_C0.02_bal,82,first_person_sentiment_positive,-0.0760567842501569,0.0760567842501569,6
Depression,best_ua,B0_rho05_vaderfull,B0: rho>0.5 + full VADER hist,logreg_l2_liblinear_C0.02_bal,82,first_person_sentiment_negative,0.0755733052892343,0.0755733052892343,7
Depression,best_ua,B0_rho05_vaderfull,B0: rho>0.5 + full VADER hist,logreg_l2_liblinear_C0.02_bal,82,sentiment_pos,-0.0737143804212577,0.0737143804212577,8
Depression,best_ua,B0_rho05_vaderfull,B0: rho>0.5 + full VADER hist,logreg_l2_liblinear_C0.02_bal,82,vader_hist_bin_20,-0.0719876061326327,0.0719876061326327,9
Depression,best_ua,B0_rho05_vaderfull,B0: rho>0.5 + full VADER hist,logreg_l2_liblinear_C0.02_bal,82,first_person_sentiment_overall,-0.0707890015534975,0.0707890015534975,10
Depression,best_ua,B0_rho05_vaderfull,B0: rho>0.5 + full VADER hist,logreg_l2_liblinear_C0.02_bal,82,vader_hist_bin_21,-0.0699183515320396,0.0699183515320396,11
Depression,best_ua,B0_rho05_vaderfull,B0: rho>0.5 + full VADER hist,logreg_l2_liblinear_C0.02_bal,82,vader_hist_bin_18,-0.0687231130182658,0.0687231130182658,12
Depression,best_ua,B0_rho05_vaderfull,B0: rho>0.5 + full VADER hist,logreg_l2_liblinear_C0.02_bal,82,vader_hist_bin_22,-0.068544725658196,0.068544725658196,13
Depression,best_ua,B0_rho05_vaderfull,B0: rho>0.5 + full VADER hist,logreg_l2_liblinear_C0.02_bal,82,sentiment_neg,0.066989354737873,0.066989354737873,14
Depression,best_ua,B0_rho05_vaderfull,B0: rho>0.5 + full VADER hist,logreg_l2_liblinear_C0.02_bal,82,vader_hist_bin_14,-0.065256291503073,0.065256291503073,15
PTSD,best_en,B0_rho05_vaderfull,B0: rho>0.5 + full VADER hist,logreg_l2_liblinear_C0.005_cwpos3.2,82,sentiment_overall,-0.1154870364574594,0.1154870364574594,1
PTSD,best_en,B0_rho05_vaderfull,B0: rho>0.5 + full VADER hist,logreg_l2_liblinear_C0.005_cwpos3.2,82,sentiment_vader_neg,0.0544933202591889,0.0544933202591889,2
PTSD,best_en,B0_rho05_vaderfull,B0: rho>0.5 + full VADER hist,logreg_l2_liblinear_C0.005_cwpos3.2,82,vader_neg_tail_mass,0.0467108749388242,0.0467108749388242,3
PTSD,best_en,B0_rho05_vaderfull,B0: rho>0.5 + full VADER hist,logreg_l2_liblinear_C0.005_cwpos3.2,82,sentiment_neg,0.0404659570770676,0.0404659570770676,4
PTSD,best_en,B0_rho05_vaderfull,B0: rho>0.5 + full VADER hist,logreg_l2_liblinear_C0.005_cwpos3.2,82,vader_hist_bin_10,0.0390078635703424,0.0390078635703424,5
PTSD,best_en,B0_rho05_vaderfull,B0: rho>0.5 + full VADER hist,logreg_l2_liblinear_C0.005_cwpos3.2,82,first_person_sentiment_negative_vader,0.0388698093642167,0.0388698093642167,6
PTSD,best_en,B0_rho05_vaderfull,B0: rho>0.5 + full VADER hist,logreg_l2_liblinear_C0.005_cwpos3.2,82,vader_pos_tail_mass,-0.0387625554655316,0.0387625554655316,7
PTSD,best_en,B0_rho05_vaderfull,B0: rho>0.5 + full VADER hist,logreg_l2_liblinear_C0.005_cwpos3.2,82,first_person_sentiment_negative,0.0376887945941684,0.0376887945941684,8
PTSD,best_en,B0_rho05_vaderfull,B0: rho>0.5 + full VADER hist,logreg_l2_liblinear_C0.005_cwpos3.2,82,vader_hist_bin_07,0.0370151359708398,0.0370151359708398,9
PTSD,best_en,B0_rho05_vaderfull,B0: rho>0.5 + full VADER hist,logreg_l2_liblinear_C0.005_cwpos3.2,82,vader_hist_bin_22,-0.0348522583622786,0.0348522583622786,10
PTSD,best_en,B0_rho05_vaderfull,B0: rho>0.5 + full VADER hist,logreg_l2_liblinear_C0.005_cwpos3.2,82,vader_hist_bin_04,0.0344556189444142,0.0344556189444142,11
PTSD,best_en,B0_rho05_vaderfull,B0: rho>0.5 + full VADER hist,logreg_l2_liblinear_C0.005_cwpos3.2,82,vader_hist_bin_13,0.0343230165557881,0.0343230165557881,12
PTSD,best_en,B0_rho05_vaderfull,B0: rho>0.5 + full VADER hist,logreg_l2_liblinear_C0.005_cwpos3.2,82,vader_hist_bin_01,0.0328595685277351,0.0328595685277351,13
PTSD,best_en,B0_rho05_vaderfull,B0: rho>0.5 + full VADER hist,logreg_l2_liblinear_C0.005_cwpos3.2,82,vader_hist_bin_02,0.0309996593842781,0.0309996593842781,14
PTSD,best_en,B0_rho05_vaderfull,B0: rho>0.5 + full VADER hist,logreg_l2_liblinear_C0.005_cwpos3.2,82,first_person_sentiment_positive,-0.0309013975301124,0.0309013975301124,15
PTSD,best_ua,B0_rho05_vaderfull,B0: rho>0.5 + full VADER hist,logreg_l2_liblinear_C0.005_cwpos3.2,82,sentiment_overall,-0.1154870364574594,0.1154870364574594,1
PTSD,best_ua,B0_rho05_vaderfull,B0: rho>0.5 + full VADER hist,logreg_l2_liblinear_C0.005_cwpos3.2,82,sentiment_vader_neg,0.0544933202591889,0.0544933202591889,2
PTSD,best_ua,B0_rho05_vaderfull,B0: rho>0.5 + full VADER hist,logreg_l2_liblinear_C0.005_cwpos3.2,82,vader_neg_tail_mass,0.0467108749388242,0.0467108749388242,3
PTSD,best_ua,B0_rho05_vaderfull,B0: rho>0.5 + full VADER hist,logreg_l2_liblinear_C0.005_cwpos3.2,82,sentiment_neg,0.0404659570770676,0.0404659570770676,4
PTSD,best_ua,B0_rho05_vaderfull,B0: rho>0.5 + full VADER hist,logreg_l2_liblinear_C0.005_cwpos3.2,82,vader_hist_bin_10,0.0390078635703424,0.0390078635703424,5
PTSD,best_ua,B0_rho05_vaderfull,B0: rho>0.5 + full VADER hist,logreg_l2_liblinear_C0.005_cwpos3.2,82,first_person_sentiment_negative_vader,0.0388698093642167,0.0388698093642167,6
PTSD,best_ua,B0_rho05_vaderfull,B0: rho>0.5 + full VADER hist,logreg_l2_liblinear_C0.005_cwpos3.2,82,vader_pos_tail_mass,-0.0387625554655316,0.0387625554655316,7
PTSD,best_ua,B0_rho05_vaderfull,B0: rho>0.5 + full VADER hist,logreg_l2_liblinear_C0.005_cwpos3.2,82,first_person_sentiment_negative,0.0376887945941684,0.0376887945941684,8
PTSD,best_ua,B0_rho05_vaderfull,B0: rho>0.5 + full VADER hist,logreg_l2_liblinear_C0.005_cwpos3.2,82,vader_hist_bin_07,0.0370151359708398,0.0370151359708398,9
PTSD,best_ua,B0_rho05_vaderfull,B0: rho>0.5 + full VADER hist,logreg_l2_liblinear_C0.005_cwpos3.2,82,vader_hist_bin_22,-0.0348522583622786,0.0348522583622786,10
PTSD,best_ua,B0_rho05_vaderfull,B0: rho>0.5 + full VADER hist,logreg_l2_liblinear_C0.005_cwpos3.2,82,vader_hist_bin_04,0.0344556189444142,0.0344556189444142,11
PTSD,best_ua,B0_rho05_vaderfull,B0: rho>0.5 + full VADER hist,logreg_l2_liblinear_C0.005_cwpos3.2,82,vader_hist_bin_13,0.0343230165557881,0.0343230165557881,12
PTSD,best_ua,B0_rho05_vaderfull,B0: rho>0.5 + full VADER hist,logreg_l2_liblinear_C0.005_cwpos3.2,82,vader_hist_bin_01,0.0328595685277351,0.0328595685277351,13
PTSD,best_ua,B0_rho05_vaderfull,B0: rho>0.5 + full VADER hist,logreg_l2_liblinear_C0.005_cwpos3.2,82,vader_hist_bin_02,0.0309996593842781,0.0309996593842781,14
PTSD,best_ua,B0_rho05_vaderfull,B0: rho>0.5 + full VADER hist,logreg_l2_liblinear_C0.005_cwpos3.2,82,first_person_sentiment_positive,-0.0309013975301124,0.0309013975301124,15
