target,mode,probe_name,baseline_family,baseline_feature_count,remaining_feature_count,removed_feature_count,best_model,best_C,best_class_weight_name,threshold,mean_oof_pr,mean_oof_f1,EN_test_pr,EN_test_f1,EN_test_f1_binary,EN_test_roc,UA_test_pr,UA_test_f1,UA_test_f1_binary,UA_test_roc,EN_delta_pr,EN_delta_f1,UA_delta_pr,UA_delta_f1
Depression,only_family,timing_volume,B0_rho05_vaderfull,82,12,70,logreg_l2_liblinear_C0.005_bal,0.005,bal,0.4980095599998322,0.2505227752466206,0.5361110753242003,0.365065515474087,0.5204216073781291,0.4347826086956522,0.5595776772247361,0.3446723464055397,0.5190656131913431,0.3902439024390243,0.5460030165912518,-0.3639369577671405,-0.268417004989895,-0.3689015229255836,-0.2184343868086569
Depression,drop_family,timing_volume,B0_rho05_vaderfull,82,70,12,logreg_l2_liblinear_C0.02_bal,0.02,bal,0.5244302277787176,0.3820065585166824,0.6293491459010874,0.7203083663984875,0.7543859649122807,0.6666666666666667,0.7873303167420814,0.7303829355985656,0.7375,0.625,0.7782805429864253,-0.00869410684274,-0.0344526474557435,0.0168090662674422,0.0
Depression,only_family,counts,B0_rho05_vaderfull,82,6,76,logreg_l2_liblinear_C0.005_cwpos2.0,0.005,cwpos2.0,0.4607135658976407,0.2312251491728275,0.5203192769832629,0.4039603613247837,0.4105263157894737,0.0,0.5098039215686274,0.3945086354086548,0.4105263157894737,0.0,0.502262443438914,-0.3250421119164438,-0.3783122965785505,-0.3190652339224685,-0.3269736842105263
Depression,drop_family,counts,B0_rho05_vaderfull,82,76,6,logreg_l2_liblinear_C0.01_cwpos1.8,0.01,cwpos1.8,0.3670232709187531,0.3847346906672465,0.629977432779492,0.6974400247324123,0.7211948790896159,0.6315789473684211,0.7647058823529412,0.638395317548639,0.6972972972972973,0.5945945945945946,0.7450980392156863,-0.0315624485088152,-0.0676437332784083,-0.0751785517824843,-0.0402027027027027
Depression,only_family,lexical_style,B0_rho05_vaderfull,82,7,75,logreg_l2_liblinear_C0.005_cwpos1.8,0.005,cwpos1.8,0.4018932174741246,0.2803358995696066,0.5541489263447309,0.3668551409310071,0.4105263157894737,0.0,0.4766214177978884,0.4157067632552954,0.4105263157894737,0.0,0.4796380090497738,-0.3621473323102204,-0.3783122965785505,-0.2978671060758279,-0.3269736842105263
Depression,drop_family,lexical_style,B0_rho05_vaderfull,82,75,7,logreg_l2_liblinear_C0.02_bal,0.02,bal,0.5321819341146685,0.3801978103156168,0.6266098798503987,0.7290024732412276,0.7888386123680242,0.7058823529411765,0.7873303167420815,0.7130764187652733,0.7375,0.625,0.770739064856712,0.0,0.0,-0.00049745056585,0.0
Depression,only_family,repetition,B0_rho05_vaderfull,82,2,80,logreg_l2_liblinear_C0.005_cwpos1.8,0.005,cwpos1.8,0.4630290062197912,0.2771350948200282,0.5605230070717089,0.324453184562547,0.4105263157894737,0.0,0.5098039215686274,0.3259733110983774,0.4105263157894737,0.0,0.5294117647058824,-0.4045492886786805,-0.3783122965785505,-0.3876005582327459,-0.3269736842105263
Depression,drop_family,repetition,B0_rho05_vaderfull,82,80,2,logreg_l2_liblinear_C0.02_cwpos2.0,0.02,cwpos2.0,0.4041954478437223,0.3717227116498639,0.6279580174407597,0.696570061362449,0.7376576576576577,0.6486486486486486,0.7752639517345399,0.6914515589623194,0.72987012987013,0.6285714285714287,0.7647058823529411,-0.0324324118787785,-0.0511809547103665,-0.0221223103688039,-0.00762987012987
Depression,only_family,sentiment_summary,B0_rho05_vaderfull,82,8,74,logreg_l2_liblinear_C0.05_bal,0.05,bal,0.5210858521642272,0.3611318538692581,0.6312856232169843,0.7311785462603402,0.72987012987013,0.6285714285714287,0.7933634992458521,0.6383600284411213,0.6777905638665133,0.5454545454545455,0.7541478129713424,0.0021760730191126,-0.0589684824978942,-0.075213840890002,-0.0597094361334867
Depression,drop_family,sentiment_summary,B0_rho05_vaderfull,82,74,8,logreg_l2_liblinear_C0.01_cwpos2.0,0.01,cwpos2.0,0.3903400246655196,0.3676845783872142,0.6157447985748447,0.6376610021081296,0.6467532467532469,0.5142857142857143,0.722473604826546,0.6330229804125541,0.7207518220176448,0.6060606060606061,0.7330316742081447,-0.0913414711330979,-0.1420853656147773,-0.0805508889185692,-0.0167481779823552
Depression,only_family,first_person,B0_rho05_vaderfull,82,7,75,logreg_l2_liblinear_C0.05_bal,0.05,bal,0.494835536997171,0.34369934064985,0.6314256216029874,0.7094722176279362,0.7207518220176448,0.6060606060606061,0.7360482654600301,0.6981128652484152,0.7315904139433551,0.5925925925925927,0.7285067873303167,-0.0195302556132913,-0.0680867903503794,-0.0154610040827081,-0.0059095860566449
Depression,drop_family,first_person,B0_rho05_vaderfull,82,75,7,logreg_l2_liblinear_C0.005_cwpos1.8,0.005,cwpos1.8,0.3737281360288535,0.3833410481522266,0.6335316357298042,0.6704737029340927,0.7134502923976609,0.6111111111111113,0.7496229260935143,0.6134694683491079,0.7043740573152337,0.5882352941176471,0.7254901960784315,-0.0585287703071348,-0.0753883199703633,-0.1001044009820154,-0.0331259426847663
Depression,only_family,tangentiality,B0_rho05_vaderfull,82,7,75,logreg_l2_liblinear_C0.02_bal,0.02,bal,0.5020700145041426,0.2607281148714123,0.5322901000016405,0.5411736391503184,0.5130434782608696,0.2,0.6651583710407241,0.610689807405781,0.6357723577235772,0.4666666666666667,0.7104072398190044,-0.1878288340909092,-0.2757951341071546,-0.1028840619253422,-0.1017276422764228
Depression,drop_family,tangentiality,B0_rho05_vaderfull,82,75,7,logreg_l2_liblinear_C0.005_cwpos1.8,0.005,cwpos1.8,0.3724172563415456,0.3775742702950038,0.6356292231565333,0.6680898026129469,0.6972972972972973,0.5945945945945946,0.7571644042232277,0.6114340950679098,0.7134502923976609,0.6111111111111113,0.7285067873303167,-0.0609126706282806,-0.0915413150707269,-0.1021397742632135,-0.0240497076023391
Depression,only_family,dialogue_similarity,B0_rho05_vaderfull,82,3,79,logreg_l2_liblinear_C0.01_bal,0.01,bal,0.500292877806617,0.235095544575409,0.5211724184723716,0.4095622711422703,0.5358558558558558,0.3783783783783783,0.5927601809954751,0.3837150367906605,0.5190656131913431,0.3902439024390243,0.5339366515837104,-0.3194402020989573,-0.2529827565121684,-0.3298588325404628,-0.2184343868086569
Depression,drop_family,dialogue_similarity,B0_rho05_vaderfull,82,79,3,logreg_l2_liblinear_C0.005_cwpos1.8,0.005,cwpos1.8,0.3734349418243902,0.3819013351680211,0.6297288213987688,0.6931991855921924,0.7134502923976609,0.6111111111111113,0.7616892911010558,0.6255037266308306,0.7375,0.625,0.7345399698340874,-0.0358032876490351,-0.0753883199703633,-0.0880701427002926,0.0
Depression,only_family,semantic_coherence,B0_rho05_vaderfull,82,3,79,logreg_l2_liblinear_C0.05_bal,0.05,bal,0.5022820898355519,0.2353936850102236,0.522692633475761,0.3915678739287585,0.546485260770975,0.4897959183673468,0.5610859728506787,0.2565359841449725,0.424212271973466,0.3111111111111111,0.3891402714932126,-0.337434599312469,-0.2423533515970491,-0.4570378851861508,-0.313287728026534
Depression,drop_family,semantic_coherence,B0_rho05_vaderfull,82,79,3,logreg_l2_liblinear_C0.005_cwpos2.0,0.005,cwpos2.0,0.3951745472253252,0.3815295500205782,0.6294748334451301,0.692830096780197,0.72987012987013,0.6285714285714287,0.7601809954751131,0.6332332061232318,0.7207518220176448,0.6060606060606061,0.7405731523378581,-0.0361723764610305,-0.0589684824978942,-0.0803406632078915,-0.0167481779823552
Depression,only_family,vader_hist,B0_rho05_vaderfull,82,27,55,logreg_l2_liblinear_C0.02_bal,0.02,bal,0.5023336643099706,0.3603433869636092,0.6338229338575534,0.6715733796823009,0.6150572831423895,0.5531914893617021,0.7330316742081447,0.7337316622329138,0.5351213282247766,0.5185185185185186,0.784313725490196,-0.0574290935589266,-0.1737813292256347,0.0201577929017904,-0.2023786717752234
Depression,drop_family,vader_hist,B0_rho05_vaderfull,82,55,27,logreg_l2_liblinear_C0.05_cwpos1.8,0.05,cwpos1.8,0.373475313379213,0.3556910325558765,0.6310195652062308,0.7000911293071463,0.7134502923976609,0.6111111111111113,0.7692307692307693,0.6243650837909286,0.6937500000000001,0.5625,0.7239819004524888,-0.0289113439340812,-0.0753883199703633,-0.0892087855401947,-0.0437499999999999
